{"cameraMode":{"drawMode":0,"name":"Shaded","section":"Shading Mode"},"sceneLighting":true,"audioPlay":false,"sceneViewState":{"showFog":true,"showMaterialUpdate":false,"showSkybox":true,"showFlares":true,"showImageEffects":true,"showParticleSystems":true},"in2DMode":false,"pivot":{"x":0.6467137336730957,"y":0.8234641551971436,"z":-1.049715518951416},"rotation":{"x":-0.059232767671346667,"y":0.9305049180984497,"z":-0.1739511340856552,"w":-0.31684955954551699},"size":10.0,"orthographic":false}